,epoch,train_loss,val_loss,train_acc,val_acc
0,1.0,2.140896394886934,2.175605214325486,0.2232,0.23
