,epoch,train_loss,val_loss,train_acc,val_acc
0,1.0,1.850289177864104,1.5366169593896075,0.3036,0.4287
1,2.0,1.446050546205867,1.3838191123525048,0.46702,0.5014
2,3.0,1.1940975615283107,1.1967963511776771,0.56928,0.5794
3,4.0,0.9551713079442758,1.0119534795451317,0.66186,0.6554
4,5.0,0.7732433905381986,0.7790299663498144,0.72724,0.7341
5,6.0,0.6362705896501346,0.8114331985355183,0.77598,0.7289
6,7.0,0.5101027031002752,0.7664139242308914,0.82018,0.7516
